{
  "unversionedId": "html-2/html-1",
  "id": "html-2/html-1",
  "title": "Таблицы",
  "description": "Таблицы позволяют отобразить сложные связи, размещая в ячейках любой контент. Использовать их нужно только для разметки табличных данных: расписание транспорта, календарь, результаты матчей, финансовые операции, меню в ресторане, прайслист и т. п. То есть информацию, которую логично представить в табличном виде, например используя Google Sheets.",
  "source": "@site/docs/html-2/html-1.md",
  "sourceDirName": "html-2",
  "slug": "/html-2/html-1",
  "permalink": "/docs/html-2/html-1",
  "draft": false,
  "editUrl": "https://github.com/facebook/docusaurus/tree/main/packages/create-docusaurus/templates/shared/docs/html-2/html-1.md",
  "tags": [],
  "version": "current",
  "frontMatter": {},
  "sidebar": "tutorialSidebar",
  "previous": {
    "title": "Оформление кода",
    "permalink": "/docs/html-1/html-99"
  },
  "next": {
    "title": "Разметка текста",
    "permalink": "/docs/html-2/html-3"
  }
}