{
  "unversionedId": "html-1/html-7",
  "id": "html-1/html-7",
  "title": "Структурная разметка",
  "description": "Есть целый набор семантических тегов для разметки больших логических разделов и улучшения структурной семантики страницы. Каждый из них может быть использован при определённых условиях. Это влияет на работу ассистивных технологий, индексирование страницы и её рейтинг выдачи в поиске.",
  "source": "@site/docs/html-1/html-7.md",
  "sourceDirName": "html-1",
  "slug": "/html-1/html-7",
  "permalink": "/docs/html-1/html-7",
  "draft": false,
  "editUrl": "https://github.com/facebook/docusaurus/tree/main/packages/create-docusaurus/templates/shared/docs/html-1/html-7.md",
  "tags": [],
  "version": "current",
  "frontMatter": {},
  "sidebar": "tutorialSidebar",
  "previous": {
    "title": "Изображения",
    "permalink": "/docs/html-1/html-6"
  },
  "next": {
    "title": "Валидация",
    "permalink": "/docs/html-1/html-8"
  }
}