{
  "unversionedId": "html-1/html-6",
  "id": "html-1/html-6",
  "title": "Изображения",
  "description": "Использование графики делает веб-страницы визуально привлекательнее. Изображения помогают лучше передать суть и содержание документа. Тег `` предназначен для разметки изображений в различных графических форматах.",
  "source": "@site/docs/html-1/html-6.md",
  "sourceDirName": "html-1",
  "slug": "/html-1/html-6",
  "permalink": "/docs/html-1/html-6",
  "draft": false,
  "editUrl": "https://github.com/facebook/docusaurus/tree/main/packages/create-docusaurus/templates/shared/docs/html-1/html-6.md",
  "tags": [],
  "version": "current",
  "frontMatter": {},
  "sidebar": "tutorialSidebar",
  "previous": {
    "title": "Семантика",
    "permalink": "/docs/html-1/html-5"
  },
  "next": {
    "title": "Структурная разметка",
    "permalink": "/docs/html-1/html-7"
  }
}