{
  "unversionedId": "html-1/html-4",
  "id": "html-1/html-4",
  "title": "Скелет HTML-документа",
  "description": "Image",
  "source": "@site/docs/html-1/html-4.md",
  "sourceDirName": "html-1",
  "slug": "/html-1/html-4",
  "permalink": "/docs/html-1/html-4",
  "draft": false,
  "editUrl": "https://github.com/facebook/docusaurus/tree/main/packages/create-docusaurus/templates/shared/docs/html-1/html-4.md",
  "tags": [],
  "version": "current",
  "frontMatter": {},
  "sidebar": "tutorialSidebar",
  "previous": {
    "title": "Теги и атрибуты",
    "permalink": "/docs/html-1/html-3"
  },
  "next": {
    "title": "Семантика",
    "permalink": "/docs/html-1/html-5"
  }
}