{
  "unversionedId": "html-1/html-99",
  "id": "html-1/html-99",
  "title": "Оформление кода",
  "description": "В процессе работы над созданием веб-сайтов всегда необходимо возвращаться к уже написанному коду для внесения правок. В подавляющем большинстве проектов больше чем один разработчик. Если код не оформлен согласно стандартам - он теряет читабельность и, как следствие, скорость разработки падает.",
  "source": "@site/docs/html-1/html-99.md",
  "sourceDirName": "html-1",
  "slug": "/html-1/html-99",
  "permalink": "/docs/html-1/html-99",
  "draft": false,
  "editUrl": "https://github.com/facebook/docusaurus/tree/main/packages/create-docusaurus/templates/shared/docs/html-1/html-99.md",
  "tags": [],
  "version": "current",
  "frontMatter": {},
  "sidebar": "tutorialSidebar",
  "previous": {
    "title": "Инструменты разработчика",
    "permalink": "/docs/html-1/html-9"
  },
  "next": {
    "title": "Таблицы",
    "permalink": "/docs/html-2/html-1"
  }
}