{
  "unversionedId": "html-2/html-4",
  "id": "html-2/html-4",
  "title": "Символьные подстановки",
  "description": "Не все символы можно набрать на клавиатуре. Например символ зарегистрированного торгового знака ®, торговой марки ™, авторского права ©. Для ввода подобных знаков используют символьные подстановки.",
  "source": "@site/docs/html-2/html-4.md",
  "sourceDirName": "html-2",
  "slug": "/html-2/html-4",
  "permalink": "/docs/html-2/html-4",
  "draft": false,
  "editUrl": "https://github.com/facebook/docusaurus/tree/main/packages/create-docusaurus/templates/shared/docs/html-2/html-4.md",
  "tags": [],
  "version": "current",
  "frontMatter": {},
  "sidebar": "tutorialSidebar",
  "previous": {
    "title": "Разметка текста",
    "permalink": "/docs/html-2/html-3"
  },
  "next": {
    "title": "Видео и аудио",
    "permalink": "/docs/html-2/html-5"
  }
}