{
  "unversionedId": "html-1/html-9",
  "id": "html-1/html-9",
  "title": "Инструменты разработчика",
  "description": "Для эффективной разработки нужны инструменты, в том числе и при написании HTML-кода. Поэтому необходимо научиться работать с инструментами разработчика. Они присутствуют во всех современных браузерах и не требуют дополнительной установки.",
  "source": "@site/docs/html-1/html-9.md",
  "sourceDirName": "html-1",
  "slug": "/html-1/html-9",
  "permalink": "/docs/html-1/html-9",
  "draft": false,
  "editUrl": "https://github.com/facebook/docusaurus/tree/main/packages/create-docusaurus/templates/shared/docs/html-1/html-9.md",
  "tags": [],
  "version": "current",
  "frontMatter": {},
  "sidebar": "tutorialSidebar",
  "previous": {
    "title": "Валидация",
    "permalink": "/docs/html-1/html-8"
  },
  "next": {
    "title": "Оформление кода",
    "permalink": "/docs/html-1/html-99"
  }
}