{
  "unversionedId": "html-2/html-5",
  "id": "html-2/html-5",
  "title": "Видео и аудио",
  "description": "До HTML5 разметка видео и аудио была сложной задачей. В современном стандарте добавили новые теги для разметки медиаконтента с поддержкой различных форматов, встроенными элементами управления и т. д.",
  "source": "@site/docs/html-2/html-5.md",
  "sourceDirName": "html-2",
  "slug": "/html-2/html-5",
  "permalink": "/docs/html-2/html-5",
  "draft": false,
  "editUrl": "https://github.com/facebook/docusaurus/tree/main/packages/create-docusaurus/templates/shared/docs/html-2/html-5.md",
  "tags": [],
  "version": "current",
  "frontMatter": {},
  "sidebar": "tutorialSidebar",
  "previous": {
    "title": "Символьные подстановки",
    "permalink": "/docs/html-2/html-4"
  }
}