{
  "unversionedId": "html-1/html-5",
  "id": "html-1/html-5",
  "title": "Семантика",
  "description": "Разметка будущей веб-страницы должна иметь смысл, как страница газеты или журнала. На странице есть секции, заголовки, списки, изображения, абзацы текста и т. п. Для описания всего этого богатства типов контента есть соответствующие теги. То есть семантика изначально является частью HTML, но она бесполезна, если реализована неправильно.",
  "source": "@site/docs/html-1/html-5.md",
  "sourceDirName": "html-1",
  "slug": "/html-1/html-5",
  "permalink": "/docs/html-1/html-5",
  "draft": false,
  "editUrl": "https://github.com/facebook/docusaurus/tree/main/packages/create-docusaurus/templates/shared/docs/html-1/html-5.md",
  "tags": [],
  "version": "current",
  "frontMatter": {},
  "sidebar": "tutorialSidebar",
  "previous": {
    "title": "Скелет HTML-документа",
    "permalink": "/docs/html-1/html-4"
  },
  "next": {
    "title": "Изображения",
    "permalink": "/docs/html-1/html-6"
  }
}