{
  "unversionedId": "html-2/html-3",
  "id": "html-2/html-3",
  "title": "Разметка текста",
  "description": "Тег ``",
  "source": "@site/docs/html-2/html-3.md",
  "sourceDirName": "html-2",
  "slug": "/html-2/html-3",
  "permalink": "/docs/html-2/html-3",
  "draft": false,
  "editUrl": "https://github.com/facebook/docusaurus/tree/main/packages/create-docusaurus/templates/shared/docs/html-2/html-3.md",
  "tags": [],
  "version": "current",
  "frontMatter": {},
  "sidebar": "tutorialSidebar",
  "previous": {
    "title": "Таблицы",
    "permalink": "/docs/html-2/html-1"
  },
  "next": {
    "title": "Символьные подстановки",
    "permalink": "/docs/html-2/html-4"
  }
}