{
  "unversionedId": "html-1/html-8",
  "id": "html-1/html-8",
  "title": "Валидация",
  "description": "В коде важна каждая запятая, кавычка и скобка, имя атрибута и тега, открывающий и закрывающий тег. Глазами, особенно новичкам, за всем этим не уследить, поэтому придумали валидатор.",
  "source": "@site/docs/html-1/html-8.md",
  "sourceDirName": "html-1",
  "slug": "/html-1/html-8",
  "permalink": "/docs/html-1/html-8",
  "draft": false,
  "editUrl": "https://github.com/facebook/docusaurus/tree/main/packages/create-docusaurus/templates/shared/docs/html-1/html-8.md",
  "tags": [],
  "version": "current",
  "frontMatter": {},
  "sidebar": "tutorialSidebar",
  "previous": {
    "title": "Структурная разметка",
    "permalink": "/docs/html-1/html-7"
  },
  "next": {
    "title": "Инструменты разработчика",
    "permalink": "/docs/html-1/html-9"
  }
}