{
  "unversionedId": "html-1/html-3",
  "id": "html-1/html-3",
  "title": "Теги и атрибуты",
  "description": "Тег (tag) — элемент языка разметки гипертекста. Это самые маленькие строительные блоки, из которых состоит любая веб-страница. Каждый тег обозначает какую-то сущность: заголовок, список, абзац текста, изображение.",
  "source": "@site/docs/html-1/html-3.md",
  "sourceDirName": "html-1",
  "slug": "/html-1/html-3",
  "permalink": "/docs/html-1/html-3",
  "draft": false,
  "editUrl": "https://github.com/facebook/docusaurus/tree/main/packages/create-docusaurus/templates/shared/docs/html-1/html-3.md",
  "tags": [],
  "version": "current",
  "frontMatter": {},
  "sidebar": "tutorialSidebar",
  "previous": {
    "title": "Веб-технологии",
    "permalink": "/docs/html-1/html-2"
  },
  "next": {
    "title": "Скелет HTML-документа",
    "permalink": "/docs/html-1/html-4"
  }
}