{
  "unversionedId": "html-1/html-2",
  "id": "html-1/html-2",
  "title": "Веб-технологии",
  "description": "Веб-сайты это основа, на которой держится интернет, и все они построены на трёх основных технологиях.",
  "source": "@site/docs/html-1/html-2.md",
  "sourceDirName": "html-1",
  "slug": "/html-1/html-2",
  "permalink": "/docs/html-1/html-2",
  "draft": false,
  "editUrl": "https://github.com/facebook/docusaurus/tree/main/packages/create-docusaurus/templates/shared/docs/html-1/html-2.md",
  "tags": [],
  "version": "current",
  "frontMatter": {
    "sidebar_label": "Веб-технологии"
  },
  "sidebar": "tutorialSidebar",
  "next": {
    "title": "Теги и атрибуты",
    "permalink": "/docs/html-1/html-3"
  }
}