{
  "pluginId": "default",
  "version": "current",
  "label": "Next",
  "banner": null,
  "badge": false,
  "noIndex": false,
  "className": "docs-version-current",
  "isLast": true,
  "docsSidebars": {
    "tutorialSidebar": [
      {
        "type": "category",
        "label": "HTML часть 1",
        "collapsible": true,
        "collapsed": true,
        "items": [
          {
            "type": "link",
            "label": "Веб-технологии",
            "href": "/docs/html-1/html-2",
            "docId": "html-1/html-2"
          },
          {
            "type": "link",
            "label": "Теги и атрибуты",
            "href": "/docs/html-1/html-3",
            "docId": "html-1/html-3"
          },
          {
            "type": "link",
            "label": "Скелет HTML-документа",
            "href": "/docs/html-1/html-4",
            "docId": "html-1/html-4"
          },
          {
            "type": "link",
            "label": "Семантика",
            "href": "/docs/html-1/html-5",
            "docId": "html-1/html-5"
          },
          {
            "type": "link",
            "label": "Изображения",
            "href": "/docs/html-1/html-6",
            "docId": "html-1/html-6"
          },
          {
            "type": "link",
            "label": "Структурная разметка",
            "href": "/docs/html-1/html-7",
            "docId": "html-1/html-7"
          },
          {
            "type": "link",
            "label": "Валидация",
            "href": "/docs/html-1/html-8",
            "docId": "html-1/html-8"
          },
          {
            "type": "link",
            "label": "Инструменты разработчика",
            "href": "/docs/html-1/html-9",
            "docId": "html-1/html-9"
          },
          {
            "type": "link",
            "label": "Оформление кода",
            "href": "/docs/html-1/html-99",
            "docId": "html-1/html-99"
          }
        ]
      },
      {
        "type": "category",
        "label": "HTML часть 2",
        "collapsible": true,
        "collapsed": true,
        "items": [
          {
            "type": "link",
            "label": "Таблицы",
            "href": "/docs/html-2/html-1",
            "docId": "html-2/html-1"
          },
          {
            "type": "link",
            "label": "Разметка текста",
            "href": "/docs/html-2/html-3",
            "docId": "html-2/html-3"
          },
          {
            "type": "link",
            "label": "Символьные подстановки",
            "href": "/docs/html-2/html-4",
            "docId": "html-2/html-4"
          },
          {
            "type": "link",
            "label": "Видео и аудио",
            "href": "/docs/html-2/html-5",
            "docId": "html-2/html-5"
          }
        ]
      }
    ]
  },
  "docs": {
    "html-1/html-2": {
      "id": "html-1/html-2",
      "title": "Веб-технологии",
      "description": "Веб-сайты это основа, на которой держится интернет, и все они построены на трёх основных технологиях.",
      "sidebar": "tutorialSidebar"
    },
    "html-1/html-3": {
      "id": "html-1/html-3",
      "title": "Теги и атрибуты",
      "description": "Тег (tag) — элемент языка разметки гипертекста. Это самые маленькие строительные блоки, из которых состоит любая веб-страница. Каждый тег обозначает какую-то сущность: заголовок, список, абзац текста, изображение.",
      "sidebar": "tutorialSidebar"
    },
    "html-1/html-4": {
      "id": "html-1/html-4",
      "title": "Скелет HTML-документа",
      "description": "Image",
      "sidebar": "tutorialSidebar"
    },
    "html-1/html-5": {
      "id": "html-1/html-5",
      "title": "Семантика",
      "description": "Разметка будущей веб-страницы должна иметь смысл, как страница газеты или журнала. На странице есть секции, заголовки, списки, изображения, абзацы текста и т. п. Для описания всего этого богатства типов контента есть соответствующие теги. То есть семантика изначально является частью HTML, но она бесполезна, если реализована неправильно.",
      "sidebar": "tutorialSidebar"
    },
    "html-1/html-6": {
      "id": "html-1/html-6",
      "title": "Изображения",
      "description": "Использование графики делает веб-страницы визуально привлекательнее. Изображения помогают лучше передать суть и содержание документа. Тег `` предназначен для разметки изображений в различных графических форматах.",
      "sidebar": "tutorialSidebar"
    },
    "html-1/html-7": {
      "id": "html-1/html-7",
      "title": "Структурная разметка",
      "description": "Есть целый набор семантических тегов для разметки больших логических разделов и улучшения структурной семантики страницы. Каждый из них может быть использован при определённых условиях. Это влияет на работу ассистивных технологий, индексирование страницы и её рейтинг выдачи в поиске.",
      "sidebar": "tutorialSidebar"
    },
    "html-1/html-8": {
      "id": "html-1/html-8",
      "title": "Валидация",
      "description": "В коде важна каждая запятая, кавычка и скобка, имя атрибута и тега, открывающий и закрывающий тег. Глазами, особенно новичкам, за всем этим не уследить, поэтому придумали валидатор.",
      "sidebar": "tutorialSidebar"
    },
    "html-1/html-9": {
      "id": "html-1/html-9",
      "title": "Инструменты разработчика",
      "description": "Для эффективной разработки нужны инструменты, в том числе и при написании HTML-кода. Поэтому необходимо научиться работать с инструментами разработчика. Они присутствуют во всех современных браузерах и не требуют дополнительной установки.",
      "sidebar": "tutorialSidebar"
    },
    "html-1/html-99": {
      "id": "html-1/html-99",
      "title": "Оформление кода",
      "description": "В процессе работы над созданием веб-сайтов всегда необходимо возвращаться к уже написанному коду для внесения правок. В подавляющем большинстве проектов больше чем один разработчик. Если код не оформлен согласно стандартам - он теряет читабельность и, как следствие, скорость разработки падает.",
      "sidebar": "tutorialSidebar"
    },
    "html-2/html-1": {
      "id": "html-2/html-1",
      "title": "Таблицы",
      "description": "Таблицы позволяют отобразить сложные связи, размещая в ячейках любой контент. Использовать их нужно только для разметки табличных данных: расписание транспорта, календарь, результаты матчей, финансовые операции, меню в ресторане, прайслист и т. п. То есть информацию, которую логично представить в табличном виде, например используя Google Sheets.",
      "sidebar": "tutorialSidebar"
    },
    "html-2/html-3": {
      "id": "html-2/html-3",
      "title": "Разметка текста",
      "description": "Тег ``",
      "sidebar": "tutorialSidebar"
    },
    "html-2/html-4": {
      "id": "html-2/html-4",
      "title": "Символьные подстановки",
      "description": "Не все символы можно набрать на клавиатуре. Например символ зарегистрированного торгового знака ®, торговой марки ™, авторского права ©. Для ввода подобных знаков используют символьные подстановки.",
      "sidebar": "tutorialSidebar"
    },
    "html-2/html-5": {
      "id": "html-2/html-5",
      "title": "Видео и аудио",
      "description": "До HTML5 разметка видео и аудио была сложной задачей. В современном стандарте добавили новые теги для разметки медиаконтента с поддержкой различных форматов, встроенными элементами управления и т. д.",
      "sidebar": "tutorialSidebar"
    }
  }
}