{
  "docusaurus-plugin-content-docs": {
    "default": {
      "path": "/docs",
      "versions": [
        {
          "name": "current",
          "label": "Next",
          "isLast": true,
          "path": "/docs",
          "mainDocId": "html-1/html-2",
          "docs": [
            {
              "id": "html-1/html-2",
              "path": "/docs/html-1/html-2",
              "sidebar": "tutorialSidebar"
            },
            {
              "id": "html-1/html-3",
              "path": "/docs/html-1/html-3",
              "sidebar": "tutorialSidebar"
            },
            {
              "id": "html-1/html-4",
              "path": "/docs/html-1/html-4",
              "sidebar": "tutorialSidebar"
            },
            {
              "id": "html-1/html-5",
              "path": "/docs/html-1/html-5",
              "sidebar": "tutorialSidebar"
            },
            {
              "id": "html-1/html-6",
              "path": "/docs/html-1/html-6",
              "sidebar": "tutorialSidebar"
            },
            {
              "id": "html-1/html-7",
              "path": "/docs/html-1/html-7",
              "sidebar": "tutorialSidebar"
            },
            {
              "id": "html-1/html-8",
              "path": "/docs/html-1/html-8",
              "sidebar": "tutorialSidebar"
            },
            {
              "id": "html-1/html-9",
              "path": "/docs/html-1/html-9",
              "sidebar": "tutorialSidebar"
            },
            {
              "id": "html-1/html-99",
              "path": "/docs/html-1/html-99",
              "sidebar": "tutorialSidebar"
            },
            {
              "id": "html-2/html-1",
              "path": "/docs/html-2/html-1",
              "sidebar": "tutorialSidebar"
            },
            {
              "id": "html-2/html-3",
              "path": "/docs/html-2/html-3",
              "sidebar": "tutorialSidebar"
            },
            {
              "id": "html-2/html-4",
              "path": "/docs/html-2/html-4",
              "sidebar": "tutorialSidebar"
            },
            {
              "id": "html-2/html-5",
              "path": "/docs/html-2/html-5",
              "sidebar": "tutorialSidebar"
            }
          ],
          "draftIds": [],
          "sidebars": {
            "tutorialSidebar": {
              "link": {
                "path": "/docs/html-1/html-2",
                "label": "Веб-технологии"
              }
            }
          }
        }
      ],
      "breadcrumbs": true
    }
  }
}