{
  "/__docusaurus/debug-a24": {
    "__comp": "__comp---theme-debug-config-23-a-2ff",
    "__context": {
      "plugin": "plugin---docusaurus-debugb-85-a6d"
    }
  },
  "/__docusaurus/debug/config-c9d": {
    "__comp": "__comp---theme-debug-config-23-a-2ff",
    "__context": {
      "plugin": "plugin---docusaurus-debugb-85-a6d"
    }
  },
  "/__docusaurus/debug/content-cd4": {
    "__comp": "__comp---theme-debug-contentba-8-ce7",
    "__context": {
      "plugin": "plugin---docusaurus-debugb-85-a6d"
    },
    "allContent": "allContent---docusaurus-debug-content-246-9aa"
  },
  "/__docusaurus/debug/globalData-958": {
    "__comp": "__comp---theme-debug-global-dataede-0fa",
    "__context": {
      "plugin": "plugin---docusaurus-debugb-85-a6d"
    }
  },
  "/__docusaurus/debug/metadata-24a": {
    "__comp": "__comp---theme-debug-site-metadata-68-e-3d4",
    "__context": {
      "plugin": "plugin---docusaurus-debugb-85-a6d"
    }
  },
  "/__docusaurus/debug/registry-78e": {
    "__comp": "__comp---theme-debug-registry-679-501",
    "__context": {
      "plugin": "plugin---docusaurus-debugb-85-a6d"
    }
  },
  "/__docusaurus/debug/routes-5ef": {
    "__comp": "__comp---theme-debug-routes-946-699",
    "__context": {
      "plugin": "plugin---docusaurus-debugb-85-a6d"
    }
  },
  "/markdown-page-a81": {
    "__comp": "__comp---theme-mdx-page-1-f-3-b90",
    "__context": {
      "plugin": "plugin---markdown-page-56-a-82d"
    },
    "content": "content---markdown-page-393-028"
  },
  "/docs-d8f": {
    "__comp": "__comp---theme-doc-page-1-be-9be",
    "__context": {
      "plugin": "plugin---docs-773-22e"
    },
    "versionMetadata": "versionMetadata---docs-935-398"
  },
  "/docs/html-1/html-2-205": {
    "__comp": "__comp---theme-doc-item-178-a40",
    "content": "content---docs-html-1-html-2299-93f"
  },
  "/docs/html-1/html-3-5b2": {
    "__comp": "__comp---theme-doc-item-178-a40",
    "content": "content---docs-html-1-html-3-c-20-e34"
  },
  "/docs/html-1/html-4-066": {
    "__comp": "__comp---theme-doc-item-178-a40",
    "content": "content---docs-html-1-html-4620-66e"
  },
  "/docs/html-1/html-5-5a0": {
    "__comp": "__comp---theme-doc-item-178-a40",
    "content": "content---docs-html-1-html-564-a-d11"
  },
  "/docs/html-1/html-6-431": {
    "__comp": "__comp---theme-doc-item-178-a40",
    "content": "content---docs-html-1-html-6-fe-0-7b9"
  },
  "/docs/html-1/html-7-055": {
    "__comp": "__comp---theme-doc-item-178-a40",
    "content": "content---docs-html-1-html-71-cd-ec0"
  },
  "/docs/html-1/html-8-f46": {
    "__comp": "__comp---theme-doc-item-178-a40",
    "content": "content---docs-html-1-html-857-b-3a8"
  },
  "/docs/html-1/html-9-adb": {
    "__comp": "__comp---theme-doc-item-178-a40",
    "content": "content---docs-html-1-html-9-bdf-8bc"
  },
  "/docs/html-1/html-99-20f": {
    "__comp": "__comp---theme-doc-item-178-a40",
    "content": "content---docs-html-1-html-9981-e-5a6"
  },
  "/docs/html-2/html-1-752": {
    "__comp": "__comp---theme-doc-item-178-a40",
    "content": "content---docs-html-2-html-1-a-8-a-530"
  },
  "/docs/html-2/html-3-2c2": {
    "__comp": "__comp---theme-doc-item-178-a40",
    "content": "content---docs-html-2-html-3-b-61-9bd"
  },
  "/docs/html-2/html-4-e39": {
    "__comp": "__comp---theme-doc-item-178-a40",
    "content": "content---docs-html-2-html-4-a-67-cfa"
  },
  "/docs/html-2/html-5-0f9": {
    "__comp": "__comp---theme-doc-item-178-a40",
    "content": "content---docs-html-2-html-5397-f1a"
  },
  "/-213": {
    "__comp": "__comp---site-src-pages-index-jsc-4-f-f99",
    "__context": {
      "plugin": "plugin---markdown-page-56-a-82d"
    },
    "config": "config---5-e-9-4f3"
  }
}