{
  "docusaurus-plugin-content-docs": {
    "default": {
      "loadedVersions": [
        {
          "versionName": "current",
          "label": "Next",
          "banner": null,
          "badge": false,
          "noIndex": false,
          "className": "docs-version-current",
          "path": "/docs",
          "tagsPath": "/docs/tags",
          "editUrl": "https://github.com/facebook/docusaurus/tree/main/packages/create-docusaurus/templates/shared/docs",
          "editUrlLocalized": "https://github.com/facebook/docusaurus/tree/main/packages/create-docusaurus/templates/shared/i18n/en/docusaurus-plugin-content-docs/current",
          "isLast": true,
          "routePriority": -1,
          "sidebarFilePath": "/Users/meow/Desktop/html/fe-courses/sidebars.js",
          "contentPath": "/Users/meow/Desktop/html/fe-courses/docs",
          "contentPathLocalized": "/Users/meow/Desktop/html/fe-courses/i18n/en/docusaurus-plugin-content-docs/current",
          "docs": [
            {
              "unversionedId": "html-1/html-2",
              "id": "html-1/html-2",
              "title": "Веб-технологии",
              "description": "Веб-сайты это основа, на которой держится интернет, и все они построены на трёх основных технологиях.",
              "source": "@site/docs/html-1/html-2.md",
              "sourceDirName": "html-1",
              "slug": "/html-1/html-2",
              "permalink": "/docs/html-1/html-2",
              "draft": false,
              "editUrl": "https://github.com/facebook/docusaurus/tree/main/packages/create-docusaurus/templates/shared/docs/html-1/html-2.md",
              "tags": [],
              "version": "current",
              "frontMatter": {
                "sidebar_label": "Веб-технологии"
              },
              "sidebar": "tutorialSidebar",
              "next": {
                "title": "Теги и атрибуты",
                "permalink": "/docs/html-1/html-3"
              }
            },
            {
              "unversionedId": "html-1/html-3",
              "id": "html-1/html-3",
              "title": "Теги и атрибуты",
              "description": "Тег (tag) — элемент языка разметки гипертекста. Это самые маленькие строительные блоки, из которых состоит любая веб-страница. Каждый тег обозначает какую-то сущность: заголовок, список, абзац текста, изображение.",
              "source": "@site/docs/html-1/html-3.md",
              "sourceDirName": "html-1",
              "slug": "/html-1/html-3",
              "permalink": "/docs/html-1/html-3",
              "draft": false,
              "editUrl": "https://github.com/facebook/docusaurus/tree/main/packages/create-docusaurus/templates/shared/docs/html-1/html-3.md",
              "tags": [],
              "version": "current",
              "frontMatter": {},
              "sidebar": "tutorialSidebar",
              "previous": {
                "title": "Веб-технологии",
                "permalink": "/docs/html-1/html-2"
              },
              "next": {
                "title": "Скелет HTML-документа",
                "permalink": "/docs/html-1/html-4"
              }
            },
            {
              "unversionedId": "html-1/html-4",
              "id": "html-1/html-4",
              "title": "Скелет HTML-документа",
              "description": "Image",
              "source": "@site/docs/html-1/html-4.md",
              "sourceDirName": "html-1",
              "slug": "/html-1/html-4",
              "permalink": "/docs/html-1/html-4",
              "draft": false,
              "editUrl": "https://github.com/facebook/docusaurus/tree/main/packages/create-docusaurus/templates/shared/docs/html-1/html-4.md",
              "tags": [],
              "version": "current",
              "frontMatter": {},
              "sidebar": "tutorialSidebar",
              "previous": {
                "title": "Теги и атрибуты",
                "permalink": "/docs/html-1/html-3"
              },
              "next": {
                "title": "Семантика",
                "permalink": "/docs/html-1/html-5"
              }
            },
            {
              "unversionedId": "html-1/html-5",
              "id": "html-1/html-5",
              "title": "Семантика",
              "description": "Разметка будущей веб-страницы должна иметь смысл, как страница газеты или журнала. На странице есть секции, заголовки, списки, изображения, абзацы текста и т. п. Для описания всего этого богатства типов контента есть соответствующие теги. То есть семантика изначально является частью HTML, но она бесполезна, если реализована неправильно.",
              "source": "@site/docs/html-1/html-5.md",
              "sourceDirName": "html-1",
              "slug": "/html-1/html-5",
              "permalink": "/docs/html-1/html-5",
              "draft": false,
              "editUrl": "https://github.com/facebook/docusaurus/tree/main/packages/create-docusaurus/templates/shared/docs/html-1/html-5.md",
              "tags": [],
              "version": "current",
              "frontMatter": {},
              "sidebar": "tutorialSidebar",
              "previous": {
                "title": "Скелет HTML-документа",
                "permalink": "/docs/html-1/html-4"
              },
              "next": {
                "title": "Изображения",
                "permalink": "/docs/html-1/html-6"
              }
            },
            {
              "unversionedId": "html-1/html-6",
              "id": "html-1/html-6",
              "title": "Изображения",
              "description": "Использование графики делает веб-страницы визуально привлекательнее. Изображения помогают лучше передать суть и содержание документа. Тег `` предназначен для разметки изображений в различных графических форматах.",
              "source": "@site/docs/html-1/html-6.md",
              "sourceDirName": "html-1",
              "slug": "/html-1/html-6",
              "permalink": "/docs/html-1/html-6",
              "draft": false,
              "editUrl": "https://github.com/facebook/docusaurus/tree/main/packages/create-docusaurus/templates/shared/docs/html-1/html-6.md",
              "tags": [],
              "version": "current",
              "frontMatter": {},
              "sidebar": "tutorialSidebar",
              "previous": {
                "title": "Семантика",
                "permalink": "/docs/html-1/html-5"
              },
              "next": {
                "title": "Структурная разметка",
                "permalink": "/docs/html-1/html-7"
              }
            },
            {
              "unversionedId": "html-1/html-7",
              "id": "html-1/html-7",
              "title": "Структурная разметка",
              "description": "Есть целый набор семантических тегов для разметки больших логических разделов и улучшения структурной семантики страницы. Каждый из них может быть использован при определённых условиях. Это влияет на работу ассистивных технологий, индексирование страницы и её рейтинг выдачи в поиске.",
              "source": "@site/docs/html-1/html-7.md",
              "sourceDirName": "html-1",
              "slug": "/html-1/html-7",
              "permalink": "/docs/html-1/html-7",
              "draft": false,
              "editUrl": "https://github.com/facebook/docusaurus/tree/main/packages/create-docusaurus/templates/shared/docs/html-1/html-7.md",
              "tags": [],
              "version": "current",
              "frontMatter": {},
              "sidebar": "tutorialSidebar",
              "previous": {
                "title": "Изображения",
                "permalink": "/docs/html-1/html-6"
              },
              "next": {
                "title": "Валидация",
                "permalink": "/docs/html-1/html-8"
              }
            },
            {
              "unversionedId": "html-1/html-8",
              "id": "html-1/html-8",
              "title": "Валидация",
              "description": "В коде важна каждая запятая, кавычка и скобка, имя атрибута и тега, открывающий и закрывающий тег. Глазами, особенно новичкам, за всем этим не уследить, поэтому придумали валидатор.",
              "source": "@site/docs/html-1/html-8.md",
              "sourceDirName": "html-1",
              "slug": "/html-1/html-8",
              "permalink": "/docs/html-1/html-8",
              "draft": false,
              "editUrl": "https://github.com/facebook/docusaurus/tree/main/packages/create-docusaurus/templates/shared/docs/html-1/html-8.md",
              "tags": [],
              "version": "current",
              "frontMatter": {},
              "sidebar": "tutorialSidebar",
              "previous": {
                "title": "Структурная разметка",
                "permalink": "/docs/html-1/html-7"
              },
              "next": {
                "title": "Инструменты разработчика",
                "permalink": "/docs/html-1/html-9"
              }
            },
            {
              "unversionedId": "html-1/html-9",
              "id": "html-1/html-9",
              "title": "Инструменты разработчика",
              "description": "Для эффективной разработки нужны инструменты, в том числе и при написании HTML-кода. Поэтому необходимо научиться работать с инструментами разработчика. Они присутствуют во всех современных браузерах и не требуют дополнительной установки.",
              "source": "@site/docs/html-1/html-9.md",
              "sourceDirName": "html-1",
              "slug": "/html-1/html-9",
              "permalink": "/docs/html-1/html-9",
              "draft": false,
              "editUrl": "https://github.com/facebook/docusaurus/tree/main/packages/create-docusaurus/templates/shared/docs/html-1/html-9.md",
              "tags": [],
              "version": "current",
              "frontMatter": {},
              "sidebar": "tutorialSidebar",
              "previous": {
                "title": "Валидация",
                "permalink": "/docs/html-1/html-8"
              },
              "next": {
                "title": "Оформление кода",
                "permalink": "/docs/html-1/html-99"
              }
            },
            {
              "unversionedId": "html-1/html-99",
              "id": "html-1/html-99",
              "title": "Оформление кода",
              "description": "В процессе работы над созданием веб-сайтов всегда необходимо возвращаться к уже написанному коду для внесения правок. В подавляющем большинстве проектов больше чем один разработчик. Если код не оформлен согласно стандартам - он теряет читабельность и, как следствие, скорость разработки падает.",
              "source": "@site/docs/html-1/html-99.md",
              "sourceDirName": "html-1",
              "slug": "/html-1/html-99",
              "permalink": "/docs/html-1/html-99",
              "draft": false,
              "editUrl": "https://github.com/facebook/docusaurus/tree/main/packages/create-docusaurus/templates/shared/docs/html-1/html-99.md",
              "tags": [],
              "version": "current",
              "frontMatter": {},
              "sidebar": "tutorialSidebar",
              "previous": {
                "title": "Инструменты разработчика",
                "permalink": "/docs/html-1/html-9"
              },
              "next": {
                "title": "Таблицы",
                "permalink": "/docs/html-2/html-1"
              }
            },
            {
              "unversionedId": "html-2/html-1",
              "id": "html-2/html-1",
              "title": "Таблицы",
              "description": "Таблицы позволяют отобразить сложные связи, размещая в ячейках любой контент. Использовать их нужно только для разметки табличных данных: расписание транспорта, календарь, результаты матчей, финансовые операции, меню в ресторане, прайслист и т. п. То есть информацию, которую логично представить в табличном виде, например используя Google Sheets.",
              "source": "@site/docs/html-2/html-1.md",
              "sourceDirName": "html-2",
              "slug": "/html-2/html-1",
              "permalink": "/docs/html-2/html-1",
              "draft": false,
              "editUrl": "https://github.com/facebook/docusaurus/tree/main/packages/create-docusaurus/templates/shared/docs/html-2/html-1.md",
              "tags": [],
              "version": "current",
              "frontMatter": {},
              "sidebar": "tutorialSidebar",
              "previous": {
                "title": "Оформление кода",
                "permalink": "/docs/html-1/html-99"
              },
              "next": {
                "title": "Разметка текста",
                "permalink": "/docs/html-2/html-3"
              }
            },
            {
              "unversionedId": "html-2/html-3",
              "id": "html-2/html-3",
              "title": "Разметка текста",
              "description": "Тег ``",
              "source": "@site/docs/html-2/html-3.md",
              "sourceDirName": "html-2",
              "slug": "/html-2/html-3",
              "permalink": "/docs/html-2/html-3",
              "draft": false,
              "editUrl": "https://github.com/facebook/docusaurus/tree/main/packages/create-docusaurus/templates/shared/docs/html-2/html-3.md",
              "tags": [],
              "version": "current",
              "frontMatter": {},
              "sidebar": "tutorialSidebar",
              "previous": {
                "title": "Таблицы",
                "permalink": "/docs/html-2/html-1"
              },
              "next": {
                "title": "Символьные подстановки",
                "permalink": "/docs/html-2/html-4"
              }
            },
            {
              "unversionedId": "html-2/html-4",
              "id": "html-2/html-4",
              "title": "Символьные подстановки",
              "description": "Не все символы можно набрать на клавиатуре. Например символ зарегистрированного торгового знака ®, торговой марки ™, авторского права ©. Для ввода подобных знаков используют символьные подстановки.",
              "source": "@site/docs/html-2/html-4.md",
              "sourceDirName": "html-2",
              "slug": "/html-2/html-4",
              "permalink": "/docs/html-2/html-4",
              "draft": false,
              "editUrl": "https://github.com/facebook/docusaurus/tree/main/packages/create-docusaurus/templates/shared/docs/html-2/html-4.md",
              "tags": [],
              "version": "current",
              "frontMatter": {},
              "sidebar": "tutorialSidebar",
              "previous": {
                "title": "Разметка текста",
                "permalink": "/docs/html-2/html-3"
              },
              "next": {
                "title": "Видео и аудио",
                "permalink": "/docs/html-2/html-5"
              }
            },
            {
              "unversionedId": "html-2/html-5",
              "id": "html-2/html-5",
              "title": "Видео и аудио",
              "description": "До HTML5 разметка видео и аудио была сложной задачей. В современном стандарте добавили новые теги для разметки медиаконтента с поддержкой различных форматов, встроенными элементами управления и т. д.",
              "source": "@site/docs/html-2/html-5.md",
              "sourceDirName": "html-2",
              "slug": "/html-2/html-5",
              "permalink": "/docs/html-2/html-5",
              "draft": false,
              "editUrl": "https://github.com/facebook/docusaurus/tree/main/packages/create-docusaurus/templates/shared/docs/html-2/html-5.md",
              "tags": [],
              "version": "current",
              "frontMatter": {},
              "sidebar": "tutorialSidebar",
              "previous": {
                "title": "Символьные подстановки",
                "permalink": "/docs/html-2/html-4"
              }
            }
          ],
          "drafts": [],
          "sidebars": {
            "tutorialSidebar": [
              {
                "type": "category",
                "label": "HTML часть 1",
                "collapsible": true,
                "collapsed": true,
                "items": [
                  {
                    "type": "doc",
                    "id": "html-1/html-2",
                    "label": "Веб-технологии"
                  },
                  {
                    "type": "doc",
                    "id": "html-1/html-3"
                  },
                  {
                    "type": "doc",
                    "id": "html-1/html-4"
                  },
                  {
                    "type": "doc",
                    "id": "html-1/html-5"
                  },
                  {
                    "type": "doc",
                    "id": "html-1/html-6"
                  },
                  {
                    "type": "doc",
                    "id": "html-1/html-7"
                  },
                  {
                    "type": "doc",
                    "id": "html-1/html-8"
                  },
                  {
                    "type": "doc",
                    "id": "html-1/html-9"
                  },
                  {
                    "type": "doc",
                    "id": "html-1/html-99"
                  }
                ]
              },
              {
                "type": "category",
                "label": "HTML часть 2",
                "collapsible": true,
                "collapsed": true,
                "items": [
                  {
                    "type": "doc",
                    "id": "html-2/html-1"
                  },
                  {
                    "type": "doc",
                    "id": "html-2/html-3"
                  },
                  {
                    "type": "doc",
                    "id": "html-2/html-4"
                  },
                  {
                    "type": "doc",
                    "id": "html-2/html-5"
                  }
                ]
              }
            ]
          }
        }
      ]
    }
  },
  "docusaurus-plugin-content-blog": {
    "default": {
      "blogSidebarTitle": "Recent posts",
      "blogPosts": [],
      "blogListPaginated": [],
      "blogTags": {},
      "blogTagsListPath": "/blog/tags",
      "blogTagsPaginated": []
    }
  },
  "docusaurus-plugin-content-pages": {
    "default": [
      {
        "type": "jsx",
        "permalink": "/",
        "source": "@site/src/pages/index.js"
      },
      {
        "type": "mdx",
        "permalink": "/markdown-page",
        "source": "@site/src/pages/markdown-page.md",
        "title": "Markdown page example",
        "description": "You don't need React to write simple standalone pages.",
        "frontMatter": {
          "title": "Markdown page example"
        }
      }
    ]
  },
  "docusaurus-plugin-debug": {},
  "docusaurus-theme-classic": {},
  "docusaurus-bootstrap-plugin": {},
  "docusaurus-mdx-fallback-plugin": {}
}